亦庄线,https://bj.58.com/pinpaigongyu/2779214235558926x.shtml?psid=188764376218784299736500034&houseId=2779214235558926&dataSource=2&from=&legourl=//legoclick.58.com/jump?target=szqBpB3draOWUvYf0A-80A7Guvq8uL-ds1Nzn1N1PHmQrjmdnWNkXaO1pZwVUT7bsymOnW-6n1E3sHNdnWbVPA7bmBd6mWR6syEdujn1nAD3mHKhPkD3rHnYPjbkPHmLPHNvPEDKnW0LrHcQPjc1PHNdrjbzP9D1nWNOrED1nWNOrEDQsjnQnTDQTHDvPWbQrHDLn1bOPjEKnE7AEzdkmzdMUvOMXgNVUA-1IAQ-uMEKnEDQTEDVnEDKnHNOPj9QrHn3nWTzrHDQrHE3rEDvTyGGmNI-rWcknjKxPjTknTDQTHbznvRbnH9ksHTQuWNVPAmLuBY3mWTQsy76PAnkmHw-ryN1nkDQPHbYrjDOn19znHTkPjczPWNvTHDdrHE3nHb1rjczrjTLrjD3nWEKTEDKni3kTEDVTEDKTEDQnHE8nWEvsWckPa3Qn19KnTDkTEDQsjnQnE7exEDQnjT3P9DQnjT1nWnvTHnvPyR6uANdsHE1uHnVPjT1PBd6PAcLsynkPW-WmHDLmW6BPkDKnTDKTHTKnikQnHEYsjm3PHbKnE78IyQ_TH6WPjR6njN1mycdmHnQuWb&tid=365eade5-43e3-4036-a4b7-c069ca17b8b7&slotid=1003236&productid=&bizresource=0&clickreferer=&extParam=%7B%22ppgy_stats%22%3A%7B%22pageSource%22%3A%22%22%2C%22resource%22%3A%2258%22%2C%22abVersion%22%3A%22%22%2C%22launchid%22%3A%22%22%7D%7D&dataSource=2&listSource=gy_58&nojump=1&listSource=gy_58
地暖,https://bj.58.com/pinpaigongyu/2779246184492041x.shtml?psid=188764376218784299736500034&houseId=2779246184492041&dataSource=2&from=&legourl=//legoclick.58.com/jump?target=szqBpB3draOWUvYf0A-80A7Guvq8uL-ds1Nzn1N1rjDQPj0vnW0LXaO1pZwVUT7bsymOnW-6n1E3sHNdnWbVPA7bmBd6mWR6syEdujn1nAD3mHKhPkD3rHnYPjbkPHmLPHNvPEDKnW0LrHcYPWD3PjEOnWTYnED1nWNOrED1nWNOrEDQsjnQnTDQTHDvPWbQrHDLn1bOPjEKn97AEzdkmzdMUvOMXgNVUA-1IAQ-uMEKnEDQTEDVnEDKnHNOPjNOPHbOn19OP1D3PHc3nTDvTyGGmNI-rWcknjKxPjTknTDQTHTYmvuWPvnzsyPbm1TVPjNOuBY3PhEQsHFBm1-BPyPBmyNQmkDQPHbYPHbdrHbYnWDdrHmkPH93THDdrHEdrHNOrHnOPWTkrHb3PjDKTEDKni3kTEDVTEDKTEDQnHE8nWEvsWckPa3Qn19KnTDkTEDQsjnQnE7exEDQnjT3P9DQnjT1nWnvTHDdPj9OuHFBsH-hmhEVPjEduBd6uAwBsHT1ryEYmHRbPHwbn9DKnTDKTHTKnikQnHEYsjm3PHbKnE78IyQ_THPhuWFbnWuhnHDdPWwbrjn&tid=15489e2b-9fbd-445f-addb-039d4a5d54d2&slotid=1003236&productid=&bizresource=0&clickreferer=&extParam=%7B%22ppgy_stats%22%3A%7B%22pageSource%22%3A%22%22%2C%22resource%22%3A%2258%22%2C%22abVersion%22%3A%22%22%2C%22launchid%22%3A%22%22%7D%7D&dataSource=2&listSource=gy_58&nojump=1&listSource=gy_58
8号线永泰庄精装复式无中介，周边配套设施齐全,https://bj.58.com/pinpaigongyu/2781878715130893x.shtml?psid=188764376218784299736500034&houseId=2781878715130893&dataSource=2&from=&legourl=//legoclick.58.com/jump?target=szqBpB3draOWUvYf0A-80A7Guvq8uL-ds1Nzn10Yn103nHD3P1TLXaO1pZwVUT7bsymOnW-6n1E3sHNdnWbVPA7bmBd6mWR6syEdujn1nAD3mHKhPkDLPHbYnWmOP1T1PWnkPEDKnW03nH9Lrj0QPHD1nj9OnkD1nHbknTD1nHbknTDQsjnQnTDQTHDvPWbQrHDLn1bOPjEKnk7AEzdkmzdMUvOMXgNVUA-1IAQ-uMEKnEDQTEDVnEDKnHNOPHcvnHT3PWEknWD1PjTQrEDvTyGGmNI-rWcknjKxPjTknTDQTyEduyEOPWw6syNvPjcVPAEvPaYOPhE1sHnkuH9dPHuWuAE1nEDQPHbdnWmQnj9vPjEYnj9On1EdTHDdrHNzPWDkrjmdPWbOnjckrjDKTEDKni3kTEDVTEDKTEDQnHE8nWEvsWckPa3Qn19KnTDkTEDQsjnQnE7exEDQnjT3P9DQnjT1nWnvTHKhuAD1PWcksHcdujDVPjc3PaYOuW9ksyP-ryFbrHNvmWKBnEDKnTDKTHTKnikQnHE1sjNLrHDKnE78IyQ_TywBPyNYmhuhPj91nyRBmhn&tid=0fda3620-25d1-4284-9f80-ce9bd956b0b1&slotid=1003236&productid=&bizresource=0&clickreferer=&extParam=%7B%22ppgy_stats%22%3A%7B%22pageSource%22%3A%22%22%2C%22resource%22%3A%2258%22%2C%22abVersion%22%3A%22%22%2C%22launchid%22%3A%22%22%7D%7D&dataSource=2&listSource=gy_58&nojump=1&listSource=gy_58
地暖,https://bj.58.com/pinpaigongyu/2779228264029197x.shtml?psid=188764376218784299736500034&houseId=2779228264029197&dataSource=2&from=&legourl=//legoclick.58.com/jump?target=szqBpB3draOWUvYf0A-80A7Guvq8uL-ds1Nzn1N1PW0QPj0QPWEvXaO1pZwVUT7bsymOnW-6n1E3sHNdnWbVPA7bmBd6mWR6syEdujn1nAD3mHKhPkD3rHnYPjbkPHmLPHNvPEDKnW0LrHczrjcvPjTzrHDOPkD1njcOrED1njcOrEDQsjnQnTDQTHDvPWbQrHDLn1bOPjEKPT7AEzdkmzdMUvOMXgNVUA-1IAQ-uMEKnEDQTEDVnEDKnHNOPj9QrHcvrHTOP1E3njDOn9DvTyGGmNI-rWcknjKxPjTknTDQTHI-nvc1mHnksynQPjEVPjDOmBd6mhc3sH-WryRWPhNOPAnLn9DQPHbYrjDOnWmOn1TLnH91nHTYTHDdrHE3nHbzPWbzrjcknH0zrjTKTEDKni3kTEDVTEDKTEDQnHE8nWEvsWckPa3Qn19KnTDkTEDQsjnQnE7exEDQnjT3P9DQnjT1nWnvTyN3m1IbnvcOsHmvP10VPjEQnidBnycvsHbQnAu-PjNLmHndPEDKnTDKTHTKnikvrjTOsjm3P1DKnE78IyQ_TH6bnyDvuARbrycYrAELPHD&tid=e8c7d3b9-6677-4411-b1b6-910fe457a355&slotid=1003236&productid=&bizresource=0&clickreferer=&extParam=%7B%22ppgy_stats%22%3A%7B%22pageSource%22%3A%22%22%2C%22resource%22%3A%2258%22%2C%22abVersion%22%3A%22%22%2C%22launchid%22%3A%22%22%7D%7D&dataSource=2&listSource=gy_58&nojump=1&listSource=gy_58
暂无数据,https://bj.58.com/pinpaigongyu/2736544439331849x.shtml?psid=188764376218784299736500034&houseId=2736544439331849&dataSource=2&from=&legourl=//legoclick.58.com/jump?target=szqBpB3draOWUvYf0A-80A7Guvq8uL-ds1NznjcknWTYnj0vrHNvXaO1pZwVUT7bsymOnW-6n1E3sHNdnWbVPA7bmBd6mWR6syEdujn1nAD3mHKhPkDvnWbYn1TzPHcOnHTQrTDKnW01PWNYPjE1rHn1nH9YrED1njcknTD1njcknTDQsjnQnTDQTHDvPWbQrHDLn1bOPjEKPE7AEzdkmzdMUvOMXgNVUA-1IAQ-uMEKnEDQTEDVnEDKnHNOPHcdPHcOnjT3n10znHcQrEDvTyGGmNI-rWcknjKxPjTknTDQTHuhP1ELmWT1syPWujNVPjnLmiYOnvEksymOryF6PWE1nhu-P9DQPHbdnWNdnW9OrHmznHTzP19dTHDdrHNzPHNzrjbOn1mOn1mOPWDKTEDKni3kTEDVTEDKTEDQnHE8nWEvsWckPa3Qn19KnTDkTEDQsjnQnE7exEDQnjT3P9DQnjT1nWnvTH7WrjbkmvnksHbYPWnVPjmkuBY3P1uhsH6-mWbvnHmLPWm3rTDKnTDKTHTKnikQnHEzsjmOPjTKnE78IyQ_TymQmvckuWn1PhmduyN1Pjb&tid=1c890cc0-9463-460f-876f-8eb961676688&slotid=1003236&productid=&bizresource=0&clickreferer=&extParam=%7B%22ppgy_stats%22%3A%7B%22pageSource%22%3A%22%22%2C%22resource%22%3A%2258%22%2C%22abVersion%22%3A%22%22%2C%22launchid%22%3A%22%22%7D%7D&dataSource=2&listSource=gy_58&nojump=1&listSource=gy_58
直租无中介,https://bj.58.com/pinpaigongyu/2773560565521423x.shtml?psid=188764376218784299736500034&houseId=2773560565521423&dataSource=2&from=&legourl=//legoclick.58.com/jump?target=szqBpB3draOWUvYf0A-80A7Guvq8uL-ds1Nzn1TOn1bzPH0QnWb3XaO1pZwVUT7bsymOnW-6n1E3sHNdnWbVPA7bmBd6mWR6syEdujn1nAD3mHKhPkDLnWDznj9YP1T1PHDYnEDKnW0Ln1NvnjNvPHNznHEznkDzn1bknTDzn1bknTDQsjnQnTDQTHDvPWbQrHDLn1bOPjEKP97AEzdkmzdMUvOMXgNVUA-1IAQ-uMEKnEDQTEDVnEDKnHNOPHc3nWmQnj9YPjmYP1EzPTDvTyGGmNI-rWcknjKxPjTknTDQTH6bPjFbnhEvsHDOnhEVPAnkriY3m10QsHRWPH91uH7Bm1K-P9DQPHbdnW9zPWDkrH9LnW0knHEYTHDdrHNzrjcvnHT3rHbQP1n1P10KTEDKni3kTEDVTEDKTEDQnHE8nWEvsWckPa3Qn19KnTDkTEDQsjnQnE7exEDQnjT3P9DQnjT1nWnvTHmdPjnvuH7hsH7BrH9VPjFbuadBuHbOsyNYmHcQmhnOujcQnkDKnTDKTHTKnikQnHE1sjmLnHNKnE78IyQ_THD1m1FWnHmknH0drjNLnWc&tid=65436e1f-1b98-42dd-be99-e4a21bc9d213&slotid=1003236&productid=&bizresource=0&clickreferer=&extParam=%7B%22ppgy_stats%22%3A%7B%22pageSource%22%3A%22%22%2C%22resource%22%3A%2258%22%2C%22abVersion%22%3A%22%22%2C%22launchid%22%3A%22%22%7D%7D&dataSource=2&listSource=gy_58&nojump=1&listSource=gy_58
温都水城,https://bj.58.com/pinpaigongyu/2779210813090824x.shtml?psid=188764376218784299736500034&houseId=2779210813090824&dataSource=2&from=&legourl=//legoclick.58.com/jump?target=szqBpB3draOWUvYf0A-80A7Guvq8uL-ds1Nzn1N1PHndnHnYnj9zXaO1pZwVUT7bsymOnW-6n1E3sHNdnWbVPA7bmBd6mWR6syEdujn1nAD3mHKhPkD3rHnYPjbkPHmLPHNvPEDKnW0LrHcQnj9Qn1TOnj9zPTDzn1TknTDzn1TknTDQsjnQnTDQTHDvPWbQrHDLn1bOPjEKPk7AEzdkmzdMUvOMXgNVUA-1IAQ-uMEKnEDQTEDVnEDKnHNOPj9QrHTdPjE3n1nznj91PEDvTyGGmNI-rWcknjKxPjTknTDQTyFbnAubuH-hsHEkrHTVPjNdmzYOnh7WsyEznANzrju-mHnknEDQPHbYrjDOnjNYn19zPWmdP1cOTHDdrHE3nHbkPHEYnjnvPjD1PjEKTEDKni3kTEDVTEDKTEDQnHE8nWEvsWckPa3Qn19KnTDkTEDQsjnQnE7exEDQnjT3P9DQnjT1nWnvTHc3m1nkmWP6synOrADVPAmkPzd6PWNYsHELPyEOrjcvujK6PkDKnTDKTHTKnikQnHNksjN3n1nKnE78IyQ_TH9QmhnOPWm3rH91rHD3uyD&tid=28c30b3a-c98a-4f07-a654-475d9826d0a7&slotid=1003236&productid=&bizresource=0&clickreferer=&extParam=%7B%22ppgy_stats%22%3A%7B%22pageSource%22%3A%22%22%2C%22resource%22%3A%2258%22%2C%22abVersion%22%3A%22%22%2C%22launchid%22%3A%22%22%7D%7D&dataSource=2&listSource=gy_58&nojump=1&listSource=gy_58
昌平区回龙观东大街,https://bj.58.com/pinpaigongyu/2779196670745615x.shtml?psid=188764376218784299736500034&houseId=2779196670745615&dataSource=2&from=&legourl=//legoclick.58.com/jump?target=szqBpB3draOWUvYf0A-80A7Guvq8uL-ds1Nzn1N1PjcYPWEvnHN3XaO1pZwVUT7bsymOnW-6n1E3sHNdnWbVPA7bmBd6mWR6syEdujn1nAD3mHKhPkD3rHnYPjbkPHmLPHNvPEDKnW0LrHDOPWmLnj0YPHmQPEDzn1TknTDzn1TknTDQsjnQnTDQTHDvPWbQrHDLn1bOPjEKrT7AEzdkmzdMUvOMXgNVUA-1IAQ-uMEKnEDQTEDVnEDKnHNOPjNOPWcQP1NYPH9LnHnvnTDvTyGGmNI-rWcknjKxPjTknTDQTHw-P16-nyPhsymYn1mVPj--nid6njc3syD3nW6-rjb1rjnOu9DQPHbYPHbvnWDLPHcYrHDznHcOTHDdrHEdrHmznH0Yrj0QPHNznjTKTEDKni3kTEDVTEDKTEDQnHE8nWEvsWckPa3Qn19KnTDkTEDQsjnQnE7exEDQnjT3P9DQnjT1nWnvTHNYPWEvnycdsH9vuWTVPAuBuiYOrHN1syDkmvPBPjN3PWEOPEDKnTDKTHTKnikQnHNksjN3n1nKnE78IyQ_THm1mWEdnjP-rA76PvNzmym&tid=546461b5-86f0-4fbe-9953-a0ccb4586495&slotid=1003236&productid=&bizresource=0&clickreferer=&extParam=%7B%22ppgy_stats%22%3A%7B%22pageSource%22%3A%22%22%2C%22resource%22%3A%2258%22%2C%22abVersion%22%3A%22%22%2C%22launchid%22%3A%22%22%7D%7D&dataSource=2&listSource=gy_58&nojump=1&listSource=gy_58
特价半年租，地铁500米，0中介，押一付一,https://bj.58.com/pinpaigongyu/2349094588787720x.shtml?psid=188764376218784299736500034&houseId=2349094588787720&dataSource=2&from=&legourl=//legoclick.58.com/jump?target=szqBpB3draOWUvYf0A-80A7Guvq8uL-ds1E3rHb1nWNznHn1nW9vXaO1pZwVUT7bsymOnW-6n1E3sHNdnWbVPA7bmBd6mWR6syEdujn1nAD3mHKhPkD3njnOPWE1PHTdPWmLrTDKnWnYrHTOPjN3rj03P10znTDzn1TknTDzn1TknTDQsjnQnTDQTHDvPWbQrHDLn1bOPjEKrE7AEzdkmzdMUvOMXgNVUA-1IAQ-uMEKnEDQTEDVnEDKnHNOPHc1P1b1nWckrjcLnHnvn9DvTyGGmNI-rWcknjKxPjTknTDQTyNzuAmznvNQsHbQPAmVPjD3uBd6nAFhsHmYPymLPhEYPvcvn9DQPHbdnWnLrHnzPjn3rHmvnW0zTHDdrHNzn10On1czPWcLrH01nHnKTEDKni3kTEDVTEDKTEDQnHE8nWEvsWckPa3Qn19KnTDkTEDQsjnQnE7exEDQnjT3P9DQnjT1nWnvTyNOmWEQmhN1sHNdmHnVPjw6PBdBn10dsymQnHPWrHKbPhmdrEDKnTDKTHTKnikvrjDksj0dP1cKnE78IyQ_TyF6nvFhnjnzuHD1ujE1PAm&tid=e9b41be3-55a3-44a6-b375-f113c90d6f59&slotid=1003236&productid=&bizresource=0&clickreferer=&extParam=%7B%22ppgy_stats%22%3A%7B%22pageSource%22%3A%22%22%2C%22resource%22%3A%2258%22%2C%22abVersion%22%3A%22%22%2C%22launchid%22%3A%22%22%7D%7D&dataSource=2&listSource=gy_58&nojump=1&listSource=gy_58
阳光朝南，地铁500米，落地窗，非中介，押一付一长租首尾月半,https://bj.58.com/pinpaigongyu/2348982580210695x.shtml?psid=188764376218784299736500034&houseId=2348982580210695&dataSource=2&from=&legourl=//legoclick.58.com/jump?target=szqBpB3draOWUvYf0A-80A7Guvq8uL-ds1E3rHbzn10LnjmYnWnYXaO1pZwVUT7bsymOnW-6n1E3sHNdnWbVPA7bmBd6mWR6syEdujn1nAD3mHKhPkD3njnOPWE1PHTdPWmLrTDKnWnYrjb3nWN3njcQnjmOPEDzn1TknTDzn1TknTDQsjnQnTDQTHDvPWbQrHDLn1bOPjEKnHTKwbnV0AnVuvq8uL-dsyQG0Lw_uyuYTHDKnEDKsHDKTHDdrHNzn19knj91rjDkPjmLrjEKP97Jpy7ZuHCznjTkg1EknjTKnEDknW9krHbLmBYvmWw-sHEYPhnVmyc1PzYvnHNdrH-huhEkPycKnHNOPHc1rjTkrjE1rH0YPWNvnEDQPHbdnWn3njT3Pj0LPHTLPH9YTEDKTHD8nTDKsEDKTEDKnHDYsWcYPB3znjE8nHn3THTKnTDKnik1nHDKXLYKnHTkrjmKnHTkn1c1P97bPhm3uyDdPiYYPvNdsHEOuynVrHD3uidBuH6hPAcdPyw-uHEKTHTKTEDkTHD_PW9QnakLPH0zTHDKUMR_UT76ryPWrH9kn1c3mhPhPywb&tid=d6f8ea55-47e5-49ec-918e-be8f4b55dee4&slotid=1003236&productid=&bizresource=0&clickreferer=&extParam=%7B%22ppgy_stats%22%3A%7B%22pageSource%22%3A%22%22%2C%22resource%22%3A%2258%22%2C%22abVersion%22%3A%22%22%2C%22launchid%22%3A%22%22%7D%7D&dataSource=2&listSource=gy_58&nojump=1&listSource=gy_58
临近宋家庄,https://bj.58.com/pinpaigongyu/2779218192081935x.shtml?psid=188764376218784299736500034&houseId=2779218192081935&dataSource=2&from=&legourl=//legoclick.58.com/jump?target=szqBpB3draOWUvYf0A-80A7Guvq8uL-ds1Nzn1N1PHbzP19YPHDvXaO1pZwVUT7bsymOnW-6n1E3sHNdnWbVPA7bmBd6mWR6syEdujn1nAD3mHKhPkD3rHnYPjbkPHmLPHNvPEDKnW0LrHcQrjDOnWT3nHb1PEDznHcknTDznHcknTDQsjnQnTDQTHDvPWbQrHDLn1bOPjEKnHDKwbnV0AnVuvq8uL-dsyQG0Lw_uyuYTHDKnEDKsHDKTHDdrHE3nHb1PHb3P1bknjTkPWEKP97Jpy7ZuHCznjTkg1EknjTKnE7hPhNvPyEYmBYzuAw-sHE1PycVrAD1nidhnhcOP1NvnhuWnAEKnHNOPj9QrHnvnjDvnjTznWNzrTDQPHbYrjDOn1NOrH91rjN1PHmOTEDKTHD8nTDKsEDKTEDKnHDYsWcYPB3znjE8nHn3THTKnTDKnik1nHDKXLYKnHTkrjmKnHTkn1c1P97WnvFWn1R6PiYzPWIhsHEznWEVrjD1nBYYnjNdrywbP1Nvn1mKTHTKTEDkTHD_nHDYPakdnHnLTHDKUMR_UT7hnyNLmhwWnvRBnAwBrymk&tid=c3bc35a5-267f-4224-8132-40559dd75636&slotid=1003236&productid=&bizresource=0&clickreferer=&extParam=%7B%22ppgy_stats%22%3A%7B%22pageSource%22%3A%22%22%2C%22resource%22%3A%2258%22%2C%22abVersion%22%3A%22%22%2C%22launchid%22%3A%22%22%7D%7D&dataSource=2&listSource=gy_58&nojump=1&listSource=gy_58
近宋家庄5号线,https://bj.58.com/pinpaigongyu/2779234883331085x.shtml?psid=188764376218784299736500034&houseId=2779234883331085&dataSource=2&from=&legourl=//legoclick.58.com/jump?target=szqBpB3draOWUvYf0A-80A7Guvq8uL-ds1Nzn1N1P1c1nH0dPH03XaO1pZwVUT7bsymOnW-6n1E3sHNdnWbVPA7bmBd6mWR6syEdujn1nAD3mHKhPkD3rHnYPjbkPHmLPHNvPEDKnW0LrHc1Pj93n1n1nHT3PEDznHcknTDznHcknTDQsjnQnTDQTHDvPWbQrHDLn1bOPjEKnHcKwbnV0AnVuvq8uL-dsyQG0Lw_uyuYTHDKnEDKsHDKTHDdrHE3nHbQrjNdn19dPHD3nj9KP97Jpy7ZuHCznjTkg1EknjTKnE7-mHNdnhmYPzY1rH9dsHEYuhDVrH6WnidhnjNvnAcvrjIWnjNKnHNOPj9QrHD3PHmQrjcYn1N3PTDQPHbYrjDOnH9dPH9YPWbLn1EYTEDKTHD8nTDKsEDKTEDKnHDYsWcYPB3znjE8nHn3THTKnTDKnik1nHDKXLYKnHTkrjmKnHTkn1c1P9DYmW6BuhuWuidWP1mksHELrjcVmWEYPad-nvRhm16bmhFhuj9KTHTKTEDkTHD_nHDYPakdnHnLTHDKUMR_UTDLuHcQmymQnWuBmhE3rHDY&tid=4b8bffce-c760-4782-b444-e3efc8dbbfd8&slotid=1003236&productid=&bizresource=0&clickreferer=&extParam=%7B%22ppgy_stats%22%3A%7B%22pageSource%22%3A%22%22%2C%22resource%22%3A%2258%22%2C%22abVersion%22%3A%22%22%2C%22launchid%22%3A%22%22%7D%7D&dataSource=2&listSource=gy_58&nojump=1&listSource=gy_58
大红门康泽园社区，押一付一限时特惠2072,https://bj.58.com/pinpaigongyu/2761052773426179x.shtml?psid=188764376218784299736500034&houseId=2761052773426179&dataSource=2&from=&legourl=//legoclick.58.com/jump?target=szqBpB3draOWUvYf0A-80A7Guvq8uL-ds1NznWDQPW0dPjNQPHm1XaO1pZwVUT7bsymOnW-6n1E3sHNdnWbVPA7bmBd6mWR6syEdujn1nAD3mHKhPkDdn10Qnjbknjm1rj0YnkDKnW0vnHTdnW0Ln1EzPWDLrEDznjTknTDznjTknTDQsjnQnTDQTHDvPWbQrHDLn1bOPjEKnHnKwbnV0AnVuvq8uL-dsyQG0Lw_uyuYTHDKnEDKsHDKTHDdrHEOnjDzPHDzrH9OrHmznWmKP97Jpy7ZuHCznjTkg1EknjTKnE7BuHE1mWKWnaYYuW-hsHwbmWDVrAEOPzYOnHDQuyubnjTdnHNKnHNOPjbknHcdnHckPW0zPHm1n9DQPHbYrHTQnWNQnWnQrjbOPWE3TEDKTHD8nTDKsEDKTEDKnHDYsWcYPB3znjE8nHn3THTKnTDKnik1nHcKXLYKnHTkrjmKnHTkn1c1P9D3rjIhnjmdnid6rHbYsHEYnynVryn3riY3PyRWnjF-rHbzn1bKTHTKTEDkTHD_nHDYPakQrHcznTDQTyOdUAkKm1mznWEvuHPBP1PhnvPBuE&tid=887f0651-a994-441c-9c89-85ec02e99239&slotid=1003236&productid=&bizresource=0&clickreferer=&extParam=%7B%22ppgy_stats%22%3A%7B%22pageSource%22%3A%22%22%2C%22resource%22%3A%2258%22%2C%22abVersion%22%3A%22%22%2C%22launchid%22%3A%22%22%7D%7D&dataSource=2&listSource=gy_58&nojump=1&listSource=gy_58
园博园精装一居整租包网包取暖,https://bj.58.com/pinpaigongyu/2752459964898318x.shtml?psid=188764376218784299736500034&houseId=2752459964898318&dataSource=2&from=&legourl=//legoclick.58.com/jump?target=szqBpB3draOWUvYf0A-80A7Guvq8uL-ds1NznHEYPHEYnHnzrj03XaO1pZwVUT7bsymOnW-6n1E3sHNdnWbVPA7bmBd6mWR6syEdujn1nAD3mHKhPkDYPHTdnjnzPHmvPH9QnEDKnW0dnWEdrHbvPj9OrjnQrTDQP1nknTDQP1nknTDQsjnQnTDQTHDvPWbQrHDLn1bOPjEKnHEKwbnV0AnVuvq8uL-dsyQG0Lw_uyuYTHDKnEDKsHDKTHDdrjb3PjEkPWN1P1D3PWTOrHNKP97Jpy7ZuHCznjTkg1EknjTKnEDYmhDQn1PBnaYzPHczsHELm1TVrjPhuiYkmhPbmH0QP1FhmyEKnHN3rH9YPjTvPHcQPWmLPH9YnEDQPH9OrjEYnjmdn1bLnjELnWbvTEDKTHD8nTDKsEDKTEDKnHDYsWcYPB3znjE8nHn3THTKnTDKnik1nHDKXLYKnHTkrjmKnHTkn1c1P9D1n19Qm1RWmBdhPAD3sHEvmHbVmHPBuiY3mH76PHbLrH0OnvcKTHTKTEDkTHD_nHDYPakdnHnQTHDKUMR_UTDLnvN1mHw-rjcvnhEYn1bd&tid=3381c5cb-f4a8-46a9-a3be-8a1a5979793b&slotid=1003236&productid=&bizresource=0&clickreferer=&extParam=%7B%22ppgy_stats%22%3A%7B%22pageSource%22%3A%22%22%2C%22resource%22%3A%2258%22%2C%22abVersion%22%3A%22%22%2C%22launchid%22%3A%22%22%7D%7D&dataSource=2&listSource=gy_58&nojump=1&listSource=gy_58
暂无数据,https://bj.58.com/pinpaigongyu/2774685717703691x.shtml?psid=188764376218784299736500034&houseId=2774685717703691&dataSource=2&from=&legourl=//legoclick.58.com/jump?target=szqBpB3draOWUvYf0A-80A7Guvq8uL-ds1Nzn1D3nH9zrjc3PH9kXaO1pZwVUT7bsymOnW-6n1E3sHNdnWbVPA7bmBd6mWR6syEdujn1nAD3mHKhPkDvP1mzrHmzP1N1nHT1nTDKnW0LPjm3PH0QP10kn1mOnEDQPWDknTDQPWDknTDQsjnQnTDQTHDvPWbQrHDLn1bOPjEKnHNKwbnV0AnVuvq8uL-dsyQG0Lw_uyuYTHDKnEDKsHDKTHDdrHNzPWnYnHb3rjcznjNQrjNKP97Jpy7ZuHCznjTkg1EknjTKnE7Wnhc1nWDdnBY1PHNzsHELuycVrHELPzYOnhDkPHmQuj0vuhmKnHNOPHcvn1EznjDQP1T3nWDQn9DQPHbdnWm1PjDOrjmdPjDOP10LTEDKTHD8nTDKsEDKTEDKnHDYsWcYPB3znjE8nHn3THTKnTDKnik1nHDKXLYKnHTkrjmKnHTkn1c1P9Dduy7BmvF6uiYLryNQsHw-rynVmhnLradbPHE1mHIbuHIhPWbKTHTKTEDkTHD_PW9QnakLPH0zTHDKUMR_UT7WuAD1nWTkm1bdPAF-P1Ph&tid=5eabcbae-79e1-4e9c-bc78-d543a7de7f69&slotid=1003236&productid=&bizresource=0&clickreferer=&extParam=%7B%22ppgy_stats%22%3A%7B%22pageSource%22%3A%22%22%2C%22resource%22%3A%2258%22%2C%22abVersion%22%3A%22%22%2C%22launchid%22%3A%22%22%7D%7D&dataSource=2&listSource=gy_58&nojump=1&listSource=gy_58
民水民电,https://bj.58.com/pinpaigongyu/2777540019268621x.shtml?psid=188764376218784299736500034&houseId=2777540019268621&dataSource=2&from=&legourl=//legoclick.58.com/jump?target=szqBpB3draOWUvYf0A-80A7Guvq8uL-ds1Nzn1EkPj9znjNLP1nvXaO1pZwVUT7bsymOnW-6n1E3sHNdnWbVPA7bmBd6mWR6syEdujn1nAD3mHKhPkDvP1mzrHmzP1N1nHT1nTDKnW0LP1NYnjTQrHcvrjmznEDQPWDknTDQPWDknTDQsjnQnTDQTHDvPWbQrHDLn1bOPjEKnHmKwbnV0AnVuvq8uL-dsyQG0Lw_uyuYTHDKnEDKsHDKTHDdrHNzPWnznjDQnWEkPWb1P10KP97Jpy7ZuHCznjTkg1EknjTKnE76uHNLuhwhmzYkuHT3sHwhnHmVmH-bmBYQPHcdPyDkmH9OuynKnHNOPHcvn1cknj9vrjczPHTzPEDQPHbdnWm1nWTkrjE1njNOnWTzTEDKTHD8nTDKsEDKTEDKnHDYsWcYPB3znjE8nHn3THTKnTDKnik1nHDKXLYKnHTkrjmKnHTkn1c1P97BnHI6PyD3uadbmvEksHwBmW9VrHcQmBYvnHTvrjcYnWPbPjTKTHTKTEDkTHD_PW9QnakLPH0zTHDKUMR_UTDdrHwBnhEkuW6-rHP6uh7b&tid=b17a5a8d-dcd0-4bb8-921b-610682423d40&slotid=1003236&productid=&bizresource=0&clickreferer=&extParam=%7B%22ppgy_stats%22%3A%7B%22pageSource%22%3A%22%22%2C%22resource%22%3A%2258%22%2C%22abVersion%22%3A%22%22%2C%22launchid%22%3A%22%22%7D%7D&dataSource=2&listSource=gy_58&nojump=1&listSource=gy_58
无中介费,https://bj.58.com/pinpaigongyu/2754857973834753x.shtml?psid=188764376218784299736500034&houseId=2754857973834753&dataSource=2&from=&legourl=//legoclick.58.com/jump?target=szqBpB3draOWUvYf0A-80A7Guvq8uL-ds1NznHm1nW03PH03P1nkXaO1pZwVUT7bsymOnW-6n1E3sHNdnWbVPA7bmBd6mWR6syEdujn1nAD3mHKhPkDdPWnYPWnQrH9zrjc1rTDKnW0dPj9dP1bLn191Pj0dnkDQPH9knTDQPH9knTDQsjnQnTDQTHDvPWbQrHDLn1bOPjNKnH0KwbnV0AnVuvq8uL-dsyQG0Lw_uyuYTHDKnEDKsHDKTHDdrHE3P1DvrjNYnjcvPj9dP19KP97Jpy7ZuHCznjTkg1EknjTKnED3nhEdmWPhPBdbPWKbsHw-mHbVryDdmzYYPyc3uAD3PWNvPjcKnHNOPj9LnHm3PHEOrHDznHmvPEDQPHbYrj0QPW9dPj9vPHnkPHmzTEDKTHD8nTDKsEDKTEDKnHDYsWcYPB3znjE8nHn3THTKnTDKnik1nHDKXLYKnHTkrjmKnHTkn1c1P9DYP19YPWwhraYkPhuWsHEkPynVrjw-uidhrjDOPvm1nANYuWNKTHTKTEDkTHD_PW9krikQPWTQnkDQTyOdUAkKnvwbnHEzmWmvnW7-uWcYuE&tid=478464f8-06fc-405c-84ee-f8197f30e4f5&slotid=1003236&productid=&bizresource=0&clickreferer=&extParam=%7B%22ppgy_stats%22%3A%7B%22pageSource%22%3A%22%22%2C%22resource%22%3A%2258%22%2C%22abVersion%22%3A%22%22%2C%22launchid%22%3A%22%22%7D%7D&dataSource=2&listSource=gy_58&nojump=1&listSource=gy_58
8号线德茂,https://bj.58.com/pinpaigongyu/2777976659749889x.shtml?psid=188764376218784299736500034&houseId=2777976659749889&dataSource=2&from=&legourl=//legoclick.58.com/jump?target=szqBpB3draOWUvYf0A-80A7Guvq8uL-ds1Nzn1E1rjb1n1DzP19YXaO1pZwVUT7bsymOnW-6n1E3sHNdnWbVPA7bmBd6mWR6syEdujn1nAD3mHKhPkDLrHnLPj9OPjc1P1cQn9DKnW0LP1bLPWmdrH0YrH93rEDQPH9knTDQPH9knTDQsjnQnTDQTHDvPWbQrHDLn1bOPjNKnH9KwbnV0AnVuvq8uL-dsyQG0Lw_uyuYTHDKnEDKsHDKTHDdrHNzn1cznH9OPHn3PW0zPWNKP97Jpy7ZuHCznjTkg1EknjTKnE7hPWmLuWELnzYLuhcYsHw-PyDVrjDLPBYvPHcOuyEdn1KbuycKnHNOPHc1nWcQrjbOPH0OrjTQP9DQPHbdnWnznWDOnj91rjbYP19YTEDKTHD8nTDKsEDKTEDKnHDYsWcYPB3znjE8nHn3THTKnTDKnik1nHDKXLYKnHTkrjmKnHTkn1c1P9DLnvFBuWT1nzdBnv7BsHEdnvnVmH9LPBdBny7huhE1PW0dnANKTHTKTEDkTHD_PW9krikQPWTQnkDQTyOdUAkKPW76nAnOmH9zP1mkm1nvnT&tid=73bbf033-b3ab-453c-a876-b1affd36750e&slotid=1003236&productid=&bizresource=0&clickreferer=&extParam=%7B%22ppgy_stats%22%3A%7B%22pageSource%22%3A%22%22%2C%22resource%22%3A%2258%22%2C%22abVersion%22%3A%22%22%2C%22launchid%22%3A%22%22%7D%7D&dataSource=2&listSource=gy_58&nojump=1&listSource=gy_58
丽泽商务区,https://bj.58.com/pinpaigongyu/2781783835077639x.shtml?psid=188764376218784299736500034&houseId=2781783835077639&dataSource=2&from=&legourl=//legoclick.58.com/jump?target=szqBpB3draOWUvYf0A-80A7Guvq8uL-ds1Nzn101PWnvrjm3n1bOXaO1pZwVUT7bsymOnW-6n1E3sHNdnWbVPA7bmBd6mWR6syEdujn1nAD3mHKhPkDLPWbYrHTLPHcYnjbLPkDKnW03nH03n191PHTLP1m1rEDQPj9knTDQPj9knTDQsjnQnTDQTHDvPWbQrHDLn1bOPjNKnHbKwbnV0AnVuvq8uL-dsyQG0Lw_uyuYTHDKnEDKsHDKTHDdrHNzPjNLPHnzPjnkP1EdPWTKP97Jpy7ZuHCznjTkg1EknjTKnEDOP1NYmHIhriYLPAnksHELPWTVmhm1miY3njbvm1EQnWN3mvDKnHNOPHcYPH0dn1m3P1mdPjEkn9DQPHbdnWEdP1N1PWmzPj93PH0LTEDKTHD8nTDKsEDKTEDKnHDYsWcYPB3znjE8nHn3THTKnTDKnik1nHcKXLYKnHTkrjmKnHTkn1c1P97WPWIWPAwWrid6njDzsHEzmHbVrHPbridWmvcduHTvuAmkPWDKTHTKTEDkTHD_nHDYPakvnjnLTHDKUMR_UTDYm1uhuWIBPhNznWw6rjnY&tid=c67c4dc9-a012-42a9-93d9-ccb5e06df061&slotid=1003236&productid=&bizresource=0&clickreferer=&extParam=%7B%22ppgy_stats%22%3A%7B%22pageSource%22%3A%22%22%2C%22resource%22%3A%2258%22%2C%22abVersion%22%3A%22%22%2C%22launchid%22%3A%22%22%7D%7D&dataSource=2&listSource=gy_58&nojump=1&listSource=gy_58
六里桥,https://bj.58.com/pinpaigongyu/2781809376111625x.shtml?psid=188764376218784299736500034&houseId=2781809376111625&dataSource=2&from=&legourl=//legoclick.58.com/jump?target=szqBpB3draOWUvYf0A-80A7Guvq8uL-ds1Nzn101rjnvPjTLPjEvXaO1pZwVUT7bsymOnW-6n1E3sHNdnWbVPA7bmBd6mWR6syEdujn1nAD3mHKhPkDLPWbYrHTLPHcYnjbLPkDKnW03nH9krHnLPWDQnHmzPEDQPj0knTDQPj0knTDQsjnQnTDQTHDvPWbQrHDLn1bOPjNKnWTKwbnV0AnVuvq8uL-dsyQG0Lw_uyuYTHDKnEDKsHDKTHDdrHNzPjNdrH0OPWDdPjnvrjEKP97Jpy7ZuHCznjTkg1EknjTKnEDYnywWnHD3uiYkPh7BsHEOrjTVrADvuBYzPjDOuH76njTdrAmKnHNOPHcYPHNOrjTdn19QrjnvrTDQPHbdnWEdPHb3njDvnjmOPWndTEDKTHD8nTDKsEDKTEDKnHDYsWcYPB3znjE8nHn3THTKnTDKnik1nHcKXLYKnHTkrjmKnHTkn1c1P9D3uAEYmvR6uidWnj9ksHwWujTVmym3uBYQrH9dmyc1mHI6uWEKTHTKTEDkTHD_nHDYPakdnHnkTHDKUMR_UTD3nhD1PWbknAnQnHuWnHuW&tid=8dd4ceae-c080-4cd0-af8f-1985ab3a7af4&slotid=1003236&productid=&bizresource=0&clickreferer=&extParam=%7B%22ppgy_stats%22%3A%7B%22pageSource%22%3A%22%22%2C%22resource%22%3A%2258%22%2C%22abVersion%22%3A%22%22%2C%22launchid%22%3A%22%22%7D%7D&dataSource=2&listSource=gy_58&nojump=1&listSource=gy_58
免取暖,https://bj.58.com/pinpaigongyu/2779205008958477x.shtml?psid=113890056218784300208224628&houseId=2779205008958477&dataSource=2&from=&legourl=//legoclick.58.com/jump?target=szqBpB3draOWUvYf0A-80A7Guvq8uL-ds1Nzn1N1Pj9OP19YnHckXaO1pZwVUT7bsynQnHnQuW6-sH-WPjnVPjnLPzd6mH01sHc3mh7WrAndnWwWPTD3rHnYPjbkPHmLPHNvPEDKnW0LrHckPHTkrjbdrjELPkD1PHbknTD1PHbknTDQsjnQnTDQTHDvPWbQrHDLPjndPWEKnE7AEzdkmzdMUvOMXgNVUA-1IAQ-uMEKnEDzTEDVnEDKnHNOPj9QrjbOPW9QnHmYPjbzrEDvTyGGmNI-rWcknjKxPjTknTDQTHuhryRhPjNvsHbLP1TVPj9YuBd6ujNvsHD1PHNkmyEYmHbLrTDQPHbYrjD3rHbLnjcdPHN3PHc3THDdrHE3nH9OrH0znjDLn1DdrjNKTEDKni3kTEDVTEDKTEDQnHE8nWEvsWckPa3Qn19KnTDkTEDQsjnQnE7exEDQnjT3P9DQnjT1nWnvTH0zmHbYnHEOsyDOnW9VPj-BPzY3PANQsHTkuynYm10zP1ndmkDKnTDKTHTKnikQnHEYsjmknWbKnE78IyQ_THDkP16WnHmLm1DOnWw-Pyn&tid=72a94149-a928-49b7-84e1-00ec4c72735c&slotid=1003236&productid=&bizresource=0&clickreferer=&extParam=%7B%22ppgy_stats%22%3A%7B%22pageSource%22%3A%22%22%2C%22resource%22%3A%2258%22%2C%22abVersion%22%3A%22%22%2C%22launchid%22%3A%22%22%7D%7D&dataSource=2&listSource=gy_58&nojump=1&listSource=gy_58
宋家庄10号线,https://bj.58.com/pinpaigongyu/2779181391195138x.shtml?psid=113890056218784300208224628&houseId=2779181391195138&dataSource=2&from=&legourl=//legoclick.58.com/jump?target=szqBpB3draOWUvYf0A-80A7Guvq8uL-ds1Nzn1N1n1TdnW9QrHEOXaO1pZwVUT7bsynQnHnQuW6-sH-WPjnVPjnLPzd6mH01sHc3mh7WrAndnWwWPTD3rHnYPjbkPHmLPHNvPEDKnW0LrHD3nHnOnHDOPHD1rTD1nWNOrED1nWNOrEDQsjnQnTDQTHDvPWbQrHDLPjndPWEKn97AEzdkmzdMUvOMXgNVUA-1IAQ-uMEKnEDzTEDVnEDKnHNOPjNOPWDYrjEOnj9dnjnkPTDvTyGGmNI-rWcknjKxPjTknTDQTHFBnhn3rAm1syEvnAcVPj-huadBP1b1sH0znH9vmhEknvE3nTDQPHbYPHbvnHE3n10LPHbdrHTYTHDdrHEdrHmQPj9YPHnkrH0YP1cKTEDKni3kTEDVTEDKTEDQnHE8nWEvsWckPa3Qn19KnTDkTEDQsjnQnE7exEDQnjT3P9DQnjT1nWnvTycOP1bkmhEdsyFhnhcVPjnLmBYOPvuWsyR-nHm3mywBrHw-nTDKnTDKTHTKnikQnHEYsjm3PHbKnE78IyQ_TH-buhF-uyNvrjb1nW-6mvN&tid=b9790bd5-bf2b-437b-97fc-ee168adb94e0&slotid=1003236&productid=&bizresource=0&clickreferer=&extParam=%7B%22ppgy_stats%22%3A%7B%22pageSource%22%3A%22%22%2C%22resource%22%3A%2258%22%2C%22abVersion%22%3A%22%22%2C%22launchid%22%3A%22%22%7D%7D&dataSource=2&listSource=gy_58&nojump=1&listSource=gy_58
免取暖费,https://bj.58.com/pinpaigongyu/2779221759663106x.shtml?psid=113890056218784300208224628&houseId=2779221759663106&dataSource=2&from=&legourl=//legoclick.58.com/jump?target=szqBpB3draOWUvYf0A-80A7Guvq8uL-ds1Nzn1N1PWckPWNzPHNdXaO1pZwVUT7bsynQnHnQuW6-sH-WPjnVPjnLPzd6mH01sHc3mh7WrAndnWwWPTD3rHnYPjbkPHmLPHNvPEDKnW0LrHcznH0drHmvn1DkP9D1njcOrED1njcOrEDQsjnQnTDQTHDvPWbQrHDLPjndPWEKnk7AEzdkmzdMUvOMXgNVUA-1IAQ-uMEKnEDzTEDVnEDKnHNOPj9QrHn1PjTdPjmLPjE1nkDvTyGGmNI-rWcknjKxPjTknTDQTH03PjmzujDksHnvmhmVPjbOPzYOnymOsymvPhNLnhc1P1N3nkDQPHbYrjDOn1n1rHEdPWDknWEkTHDdrHE3nHb1n1nOPH9QrH0zPj9KTEDKni3kTEDVTEDKTEDQnHE8nWEvsWckPa3Qn19KnTDkTEDQsjnQnE7exEDQnjT3P9DQnjT1nWnvTym3myNLPhnvsyFhuWDVPjD1uiY3rHbksyD3rjTkn1T3nHTvn9DKnTDKTHTKnikvrjTOsjm3P1DKnE78IyQ_THD1njTvuHIbuW0km1Nvnvc&tid=f8ae76c6-bff1-413e-8990-a88003081062&slotid=1003236&productid=&bizresource=0&clickreferer=&extParam=%7B%22ppgy_stats%22%3A%7B%22pageSource%22%3A%22%22%2C%22resource%22%3A%2258%22%2C%22abVersion%22%3A%22%22%2C%22launchid%22%3A%22%22%7D%7D&dataSource=2&listSource=gy_58&nojump=1&listSource=gy_58
地暖,https://bj.58.com/pinpaigongyu/2779225558359051x.shtml?psid=113890056218784300208224628&houseId=2779225558359051&dataSource=2&from=&legourl=//legoclick.58.com/jump?target=szqBpB3draOWUvYf0A-80A7Guvq8uL-ds1Nzn1N1PWNkn1cLnjmzXaO1pZwVUT7bsynQnHnQuW6-sH-WPjnVPjnLPzd6mH01sHc3mh7WrAndnWwWPTD3rHnYPjbkPHmLPHNvPEDKnW0LrHczPHNdrjndrHTdnED1njcOrED1njcOrEDQsjnQnTDQTHDvPWbQrHDLPjndPWEKPT7AEzdkmzdMUvOMXgNVUA-1IAQ-uMEKnEDzTEDVnEDKnHNOPj9QrHnknHcdrHEkP1nvnTDvTyGGmNI-rWcknjKxPjTknTDQTHmYuHEvm1NLsHFBmWTVPjcknBdBm16BsHmzPH6BuHFhuhFbnEDQPHbYrjDOn1TQPHDOPjnLrjcYTHDdrHE3nHb1njD1PWEzPWT3PWEKTEDKni3kTEDVTEDKTEDQnHE8nWEvsWckPa3Qn19KnTDkTEDQsjnQnE7exEDQnjT3P9DQnjT1nWnvTyR6uHN1mWK-symkPjDVPAEOmzd6ujmYsHEYPvNOuWIbP1K-m9DKnTDKTHTKnikvrjTOsjm3P1DKnE78IyQ_TyDYmvmYmyFbPvEYujNvmHn&tid=eae53b0e-f041-4d9c-ad64-447e9f7d70eb&slotid=1003236&productid=&bizresource=0&clickreferer=&extParam=%7B%22ppgy_stats%22%3A%7B%22pageSource%22%3A%22%22%2C%22resource%22%3A%2258%22%2C%22abVersion%22%3A%22%22%2C%22launchid%22%3A%22%22%7D%7D&dataSource=2&listSource=gy_58&nojump=1&listSource=gy_58
新宫家园北区，地铁4+19号线新宫站,https://bj.58.com/pinpaigongyu/2772162454397962x.shtml?psid=113890056218784300208224628&houseId=2772162454397962&dataSource=2&from=&legourl=//legoclick.58.com/jump?target=szqBpB3draOWUvYf0A-80A7Guvq8uL-ds1NznWb3PjmOrjc3PHnYXaO1pZwVUT7bsynQnHnQuW6-sH-WPjnVPjnLPzd6mH01sHc3mh7WrAndnWwWPTDdn10Qnjbknjm1rj0YnkDKnW0LnWDvnWEdPjnOP1bvn9DzP1TknTDzP1TknTDQsjnQnTDQTHDvPWbQrHDLPjndPWEKPE7AEzdkmzdMUvOMXgNVUA-1IAQ-uMEKnEDzTEDVnEDKnHNOPjbknj9dnWE1n1c3nHTzPTDvTyGGmNI-rWcknjKxPjTknTDQTyDOn1wWnjuhsyNQuycVPA7bmBYOPj9YsHndnHKhmW0km17hrTDQPHbYrHTkrjNzn19zrHEdnW9QTHDdrHEOnjT3PHc1rj0QPj0LP1mKTEDKni3kTEDVTEDKTEDQnHE8nWEvsWckPa3Qn19KnTDkTEDQsjnQn97exEDQnjT3P9DQnjT1nWnvTHcOPAE1mW7-syNkn1TVPANduBY3nHFBsHNOn1NvnWuWnARBn9DKnTDKTHTKnikQnHEYsjD1PH0OTHDKUMR_UTDQuyFBPANknWPBPAwbuh7B&tid=294d3b1e-e030-4e5f-812b-5935626c0eb2&slotid=1003236&productid=&bizresource=0&clickreferer=&extParam=%7B%22ppgy_stats%22%3A%7B%22pageSource%22%3A%22%22%2C%22resource%22%3A%2258%22%2C%22abVersion%22%3A%22%22%2C%22launchid%22%3A%22%22%7D%7D&dataSource=2&listSource=gy_58&nojump=1&listSource=gy_58
免取暖,https://bj.58.com/pinpaigongyu/2779163973479432x.shtml?psid=113890056218784300208224628&houseId=2779163973479432&dataSource=2&from=&legourl=//legoclick.58.com/jump?target=szqBpB3draOWUvYf0A-80A7Guvq8uL-ds1Nzn1N1nHmOnWTLnWDYXaO1pZwVUT7bsynQnHnQuW6-sH-WPjnVPjnLPzd6mH01sHc3mh7WrAndnWwWPTD3rHnYPjbkPHmLPHNvPEDKnW0LrHDvn1bLn1ELrHE1n9DzPWEknTDzPWEknTDQsjnQnTDQTHDvPWbQrHDLPjndPWEKP97AEzdkmzdMUvOMXgNVUA-1IAQ-uMEKnEDzTEDVnEDKnHNOPjNOPWTOPHD3rHmzPW93nTDvTyGGmNI-rWcknjKxPjTknTDQTH-WuHbLm1-hsHDOryDVPjD1raYOrj6-syuBrjKWmvw-uHEQPEDQPHbYPHbvnjbdPj0OnjEznjEOTHDdrHEdrHmkrHN1PHnznWNznH9KTEDKni3kTEDVTEDKTEDQnHE8nWEvsWckPa3Qn19KnTDkTEDQsjnQnE7exEDQnjT3P9DQnjT1nWnvTHR-nvDdnADvsy7-PvDVPj-Bnzd6PjDQsyc1PHwhryEOP19znEDKnTDKTHTKnikQnHEYsjDOnWckTHDKUMR_UTD1mH-bm1NkPW0dnjFBPHcd&tid=5e3a50a6-ae7a-49b3-a411-b354f9d97821&slotid=1003236&productid=&bizresource=0&clickreferer=&extParam=%7B%22ppgy_stats%22%3A%7B%22pageSource%22%3A%22%22%2C%22resource%22%3A%2258%22%2C%22abVersion%22%3A%22%22%2C%22launchid%22%3A%22%22%7D%7D&dataSource=2&listSource=gy_58&nojump=1&listSource=gy_58
彩虹区大复式,https://bj.58.com/pinpaigongyu/2779243612085250x.shtml?psid=113890056218784300208224628&houseId=2779243612085250&dataSource=2&from=&legourl=//legoclick.58.com/jump?target=szqBpB3draOWUvYf0A-80A7Guvq8uL-ds1Nzn1N1P1bQn10YPHTdXaO1pZwVUT7bsynQnHnQuW6-sH-WPjnVPjnLPzd6mH01sHc3mh7WrAndnWwWPTD3rHnYPjbkPHmLPHNvPEDKnW0LrHcYn1mQnWT3PHcdnTDzPWEknTDzPWEknTDQsjnQnTDQTHDvPWbQrHDLPjndPWEKPk7AEzdkmzdMUvOMXgNVUA-1IAQ-uMEKnEDzTEDVnEDKnHNOPj9QPjT1PWmYPjNkP1mYrTDvTyGGmNI-rWcknjKxPjTknTDQTyEzuyNLPW9LsHwhPWNVPj9zrid6uyDOsyNLujmLn10LnWKBnEDQPHbYrjDYnjnvPj0zPHNLPHm3THDdrHE3nHEkn1mYnH9knWnYnWEKTEDKni3kTEDVTEDKTEDQnHE8nWEvsWckPa3Qn19KnTDkTEDQsjnQnE7exEDQnjT3P9DQnjT1nWnvTHb1uHRWmy7WsH7buWcVPAFhmiY3nH9QsyD1PWn1myDkPW0Lm9DKnTDKTHTKnikQnHEYsjDOnWckTHDKUMR_UTDYn1b1uHNYnjcvPH9LuH-h&tid=93e5caac-1df2-4bfa-8181-a3633aa0677b&slotid=1003236&productid=&bizresource=0&clickreferer=&extParam=%7B%22ppgy_stats%22%3A%7B%22pageSource%22%3A%22%22%2C%22resource%22%3A%2258%22%2C%22abVersion%22%3A%22%22%2C%22launchid%22%3A%22%22%7D%7D&dataSource=2&listSource=gy_58&nojump=1&listSource=gy_58
旧宫大兴区,https://bj.58.com/pinpaigongyu/2779184410240013x.shtml?psid=113890056218784300208224628&houseId=2779184410240013&dataSource=2&from=&legourl=//legoclick.58.com/jump?target=szqBpB3draOWUvYf0A-80A7Guvq8uL-ds1Nzn1N1n1c3rjmYrHEQXaO1pZwVUT7bsynQnHnQuW6-sH-WPjnVPjnLPzd6mH01sHc3mh7WrAndnWwWPTD3rHnYPjbkPHmLPHNvPEDKnW0LrHD3PjEQnjcYnjTQnkDzPH9knTDzPH9knTDQsjnQnTDQTHDvPWbQrHDLPjndPWNKrT7AEzdkmzdMUvOMXgNVUA-1IAQ-uMEKnEDzTEDVnEDKnHNOPjNOPWDLrHcknHNdnWn3PEDvTyGGmNI-rWcknjKxPjTknTDQTH9vrHbOuWNQsHNYrjbVPjc1raY3mHmksHNYnhEznW01uyNzPEDQPHbYPHbvnH0OnH0vn1bkPWNLTHDdrHEdrHmQP1bzPHmkP191n1mKTEDKni3kTEDVTEDKTEDQnHE8nWEvsWckPa3Qn19KnTDkTEDQsjnQnE7exEDQnjT3P9DQnjT1nWnvTHIhPjb3rH9YsHczn1TVPAnOuBdBuWF6sHbvPyDQmynYuyD1mEDKnTDKTHTKnikvrjTOsjm3P1cKnE78IyQ_THnzn1wBmhFWuHTdPj-6PWT&tid=7f498984-2230-4c9f-bf2a-965a1ac4ea3a&slotid=1003236&productid=&bizresource=0&clickreferer=&extParam=%7B%22ppgy_stats%22%3A%7B%22pageSource%22%3A%22%22%2C%22resource%22%3A%2258%22%2C%22abVersion%22%3A%22%22%2C%22launchid%22%3A%22%22%7D%7D&dataSource=2&listSource=gy_58&nojump=1&listSource=gy_58
近宋家庄10号线,https://bj.58.com/pinpaigongyu/2779238928131078x.shtml?psid=113890056218784300208224628&houseId=2779238928131078&dataSource=2&from=&legourl=//legoclick.58.com/jump?target=szqBpB3draOWUvYf0A-80A7Guvq8uL-ds1Nzn1N1P1NYP19YnHNvXaO1pZwVUT7bsynQnHnQuW6-sH-WPjnVPjnLPzd6mH01sHc3mh7WrAndnWwWPTD3rHnYPjbkPHmLPHNvPEDKnW0LrHc1rjbzrjD1nHTLrTDzPHNknTDzPHNknTDQsjnQnTDQTHDvPWbQrHDLPjndPWNKrE7AEzdkmzdMUvOMXgNVUA-1IAQ-uMEKnEDzTEDVnEDKnHNOPj9QrHD1nHcvnjTvn10YPTDvTyGGmNI-rWcknjKxPjTknTDQTHPhn10zm1cvsHR6uWTVPjNvPzd6PAEQsHuWnAmYP1m3rym3nTDQPHbYrjDOnHnQn1ndPHmQnWDLTHDdrHE3nHbQn1Ddnj0dn1bOPW9KTEDKni3kTEDVTEDKTEDQnHE8nWEvsWckPa3Qn19KnTDkTEDQsjnQnE7exEDQnjT3P9DQnjT1nWnvTHP-mvPbuj0dsHTkPANVPAEOPiY3uHFWsynLPjKbuHTkmHEznTDKnTDKTHTKnikQnHEYsjmknW0KnE78IyQ_Tyw6rAnQPWnLrANkrHEYPjn&tid=3eccdd75-004e-4d95-8e2c-c740de00a420&slotid=1003236&productid=&bizresource=0&clickreferer=&extParam=%7B%22ppgy_stats%22%3A%7B%22pageSource%22%3A%22%22%2C%22resource%22%3A%2258%22%2C%22abVersion%22%3A%22%22%2C%22launchid%22%3A%22%22%7D%7D&dataSource=2&listSource=gy_58&nojump=1&listSource=gy_58
永丰16号线,https://bj.58.com/pinpaigongyu/2779202089001996x.shtml?psid=113890056218784300208224628&houseId=2779202089001996&dataSource=2&from=&legourl=//legoclick.58.com/jump?target=szqBpB3draOWUvYf0A-80A7Guvq8uL-ds1Nzn1N1PjmvrH0Yrj0dXaO1pZwVUT7bsynQnHnQuW6-sH-WPjnVPjnLPzd6mH01sHc3mh7WrAndnWwWPTD3rHnYPjbkPHmLPHNvPEDKnW0LrHcknWT3rHTknHbOP9DznWbknTDznWbknTDQsjnQnTDQTHDvPWbQrHDLPjndPWNKnHTKwbnV0AnVuvq8uL-dsyQG0Lw_uyuYTHDKn9DKsHDKTHDdrHE3nH9OnHm3Pj0zPjnzPWEKP97Jpy7ZuHCznjTkg1EknjTKnE7WuWFBrynzmzdBujnLsHEvmWnVrym3uaYduhnYmHDzuARhuymKnHNOPj9QrjbQPWbLP1cLnj03PTDQPHbYrjD3rHDLnHT1nHT3njbvTEDKTHD8nTDKsEDKTEDKnHDYsWcYPB3znjE8nHn3THTKnTDKnik1nHDKXLYKnHTkrjmKnHTkn1c1P9DvnvnQnj0dnidbnjR-sHEdm1EVrHEOmBYzrjI-njbOrHNLuHDKTHTKTEDkTHD_nHDYnzkdP19LTHDKUMR_UT7brywbm1RhPWc1uyu-PHDO&tid=63c10751-d05e-45c4-949b-287e099957e1&slotid=1003236&productid=&bizresource=0&clickreferer=&extParam=%7B%22ppgy_stats%22%3A%7B%22pageSource%22%3A%22%22%2C%22resource%22%3A%2258%22%2C%22abVersion%22%3A%22%22%2C%22launchid%22%3A%22%22%7D%7D&dataSource=2&listSource=gy_58&nojump=1&listSource=gy_58
免取暖,https://bj.58.com/pinpaigongyu/2779231430945792x.shtml?psid=113890056218784300208224628&houseId=2779231430945792&dataSource=2&from=&legourl=//legoclick.58.com/jump?target=szqBpB3draOWUvYf0A-80A7Guvq8uL-ds1Nzn1N1PWbvnWDQPWTQXaO1pZwVUT7bsynQnHnQuW6-sH-WPjnVPjnLPzd6mH01sHc3mh7WrAndnWwWPTD3rHnYPjbkPHmLPHNvPEDKnW0LrHc1nHE1njbYPH0On9DznWbknTDznWbknTDQsjnQnTDQTHDvPWbQrHDLPjndPWNKnHDKwbnV0AnVuvq8uL-dsyQG0Lw_uyuYTHDKn9DKsHDKTHDdrHE3nHbznHNLrHckPWcYPWNKP97Jpy7ZuHCznjTkg1EknjTKnED3uj9QPH0QPaYdryDzsHEzmHNVrAEdmBdWuWndPjFBrjb1PHbKnHNOPj9QrHcQPWTknH03rHbdn9DQPHbYrjDOnWDvnH9znHEOnHckTEDKTHD8nTDKsEDKTEDKnHDYsWcYPB3znjE8nHn3THTKnTDKnik1nHDKXLYKnHTkrjmKnHTkn1c1P97BnHK6rj0duiYkmyEdsHE1rAnVryPBPBdhmyu-nANkrj0knW9KTHTKTEDkTHD_nHDYnzkdP19LTHDKUMR_UTDvPyEkPW6WPhNdPy7bmWD3&tid=b10a875e-0ad5-438c-9cb6-fafe0e087028&slotid=1003236&productid=&bizresource=0&clickreferer=&extParam=%7B%22ppgy_stats%22%3A%7B%22pageSource%22%3A%22%22%2C%22resource%22%3A%2258%22%2C%22abVersion%22%3A%22%22%2C%22launchid%22%3A%22%22%7D%7D&dataSource=2&listSource=gy_58&nojump=1&listSource=gy_58
特价外窗长租首尾月半价,https://bj.58.com/pinpaigongyu/2603730384624654x.shtml?psid=113890056218784300208224628&houseId=2603730384624654&dataSource=2&from=&legourl=//legoclick.58.com/jump?target=szqBpB3draOWUvYf0A-80A7Guvq8uL-ds1NkrH9zPHbYnW9vP1mQXaO1pZwVUT7bsynQnHnQuW6-sH-WPjnVPjnLPzd6mH01sHc3mh7WrAndnWwWPTD3njnOPWE1PHTdPWmLrTDKnWmkn101njn3PjmzPjmdPTDQrjNknTDQrjNknTDQsjnQnTDQTHDvPWbQrHDLPjndPWNKnHcKwbnV0AnVuvq8uL-dsyQG0Lw_uyuYTHDKn9DKsHDKTHDdrHNzn19zP1bQn1NOPjTvnj9KP97Jpy7ZuHCznjTkg1EknjTKnE7-uWcdrHPWmzY1mHn1sHEkmhDVmhFhmzY1uhFbPjT1n1nQuAEKnHNOPHc1rjcLrHDOPjmLn1DdnkDQPHbdnWn3nW0OnWDOrjczPHbzTEDKTHD8nTDKsEDKTEDKnHDYsWcYPB3znjE8nHn3THTKnTDKnik1nHDKXLYKnHTkrjmKnHTkn1c1P97WnAFBmWTOuiYLm1NOsHwbnWNVmHTLuid-m1uhnWmLPvD3PWNKTHTKTEDkTHD_PW9QnakQnHndnkDQTyOdUAkKnHKWPjTOnyRWnAELPAPBn9&tid=c0bbb09e-7c59-4d25-a07e-ec6f2677a865&slotid=1003236&productid=&bizresource=0&clickreferer=&extParam=%7B%22ppgy_stats%22%3A%7B%22pageSource%22%3A%22%22%2C%22resource%22%3A%2258%22%2C%22abVersion%22%3A%22%22%2C%22launchid%22%3A%22%22%7D%7D&dataSource=2&listSource=gy_58&nojump=1&listSource=gy_58
地铁口好房长租首尾月半价,https://bj.58.com/pinpaigongyu/2606299656039430x.shtml?psid=113890056218784300208224628&houseId=2606299656039430&dataSource=2&from=&legourl=//legoclick.58.com/jump?target=szqBpB3draOWUvYf0A-80A7Guvq8uL-ds1NQnjTzPWmvP1DOPWNQXaO1pZwVUT7bsynQnHnQuW6-sH-WPjnVPjnLPzd6mH01sHc3mh7WrAndnWwWPTD3njnOPWE1PHTdPWmLrTDKnWmkPWcOrHmdPWT1rHE1nTDQrjNknTDQrjNknTDQsjnQnTDQTHDvPWbQrHDLPjndPWNKnHnKwbnV0AnVuvq8uL-dsyQG0Lw_uyuYTHDKn9DKsHDKTHDdrHNzn191PjbYnj01nHnOnWTKP97Jpy7ZuHCznjTkg1EknjTKnEDdP1NOPHIWniYznW9QsHEkmymVrAR6mBd6n17Wm10zmWTduWDKnHNOPHc1rjnYrHNYPH01njTYrTDQPHbdnWn3n1EOPjnvPW9znWEkTEDKTHD8nTDKsEDKTEDKnHDYsWcYPB3znjE8nHn3THTKnTDKnik1nHDKXLYKnHTkrjmKnHTkn1c1P97WmWR6mWmLniYOujEvsHwbPjnVryEvPBdhnWD1nW6-uHTOPhcKTHTKTEDkTHD_PW9QnakQnHndnkDQTyOdUAkKuA76n1mvnhnvm193mhwbmE&tid=cb5ab671-9d46-4d43-9d66-f21328ee096b&slotid=1003236&productid=&bizresource=0&clickreferer=&extParam=%7B%22ppgy_stats%22%3A%7B%22pageSource%22%3A%22%22%2C%22resource%22%3A%2258%22%2C%22abVersion%22%3A%22%22%2C%22launchid%22%3A%22%22%7D%7D&dataSource=2&listSource=gy_58&nojump=1&listSource=gy_58
百子湾,https://bj.58.com/pinpaigongyu/2779461885797386x.shtml?psid=113890056218784300208224628&houseId=2779461885797386&dataSource=2&from=&legourl=//legoclick.58.com/jump?target=szqBpB3draOWUvYf0A-80A7Guvq8uL-ds1Nzn1NdPjbvPWnLrj0YXaO1pZwVUT7bsynQnHnQuW6-sH-WPjnVPjnLPzd6mH01sHc3mh7WrAndnWwWPTDvnWELPHcQrHN1PHnvPEDKnW0LrHEvnH93PH0OP1n3P9DQP19knTDQP19knTDQsjnQnTDQTHDvPWbQrHDLPjndPWNKnHEKwbnV0AnVuvq8uL-dsyQG0Lw_uyuYTHDKn9DKsHDKTHDdrHNzPHmknWmLrHmYPjDvnjTKP97Jpy7ZuHCznjTkg1EknjTKnED1nWEvmHEYnBYdnjNOsHw6rHnVryDvuidhrj9YrHFWuHELmvEKnHNOPHcdPWTzPW0znjbYrjczPEDQPHbdnWNvnjcvPWN3njcdPj01TEDKTHD8nTDKsEDKTEDKnHDYsWcYPB3znjE8nHn3THTKnTDKnik1nHDKXLYKnHTkrjmKnHTkn1c1P9DOuyF6uyEYPaY3njmLsHwbPAcVrj9LmzdbmhDQnjNLPhELmHEKTHTKTEDkTHD_nHDYnBkLPHN3THDKUMR_UTDkmvPBmhu-Pj9QrAnLPHEO&tid=9ebaed44-8067-4d4b-887c-dba10576d7a4&slotid=1003236&productid=&bizresource=0&clickreferer=&extParam=%7B%22ppgy_stats%22%3A%7B%22pageSource%22%3A%22%22%2C%22resource%22%3A%2258%22%2C%22abVersion%22%3A%22%22%2C%22launchid%22%3A%22%22%7D%7D&dataSource=2&listSource=gy_58&nojump=1&listSource=gy_58
8号线五福堂,https://bj.58.com/pinpaigongyu/2777968543411211x.shtml?psid=113890056218784300208224628&houseId=2777968543411211&dataSource=2&from=&legourl=//legoclick.58.com/jump?target=szqBpB3draOWUvYf0A-80A7Guvq8uL-ds1Nzn1E1rjcOrjbdn1n3XaO1pZwVUT7bsynQnHnQuW6-sH-WPjnVPjnLPzd6mH01sHc3mh7WrAndnWwWPTDLrHnLPj9OPjc1P1cQn9DKnW0LP1bvrjNYn1EQnHcQnEDQPH9knTDQPH9knTDQsjnQnTDQTHDvPWbQrHDLPjndPWNKnHNKwbnV0AnVuvq8uL-dsyQG0Lw_uyuYTHDKn9DKsHDKTHDdrHNzn1c1njE3n1czPjDvPWEKP97Jpy7ZuHCznjTkg1EknjTKnE7WrHEvPW0duiYdmWF6sHELPAnVrHuWnid6nyNOPvDdPhRBuycKnHNOPHc1nWnkPj93nWN3nHNkPEDQPHbdnWnzn1TdnjcdnH0dPHNzTEDKTHD8nTDKsEDKTEDKnHDYsWcYPB3znjE8nHn3THTKnTDKnik1nHDKXLYKnHTkrjmKnHTkn1c1P97hPyEYP1NkPadWPAFbsHw-PAmVmHRhradbP1DvPjnLPWIbPHTKTHTKTEDkTHD_PW9krikQPWTQnkDQTyOdUAkKPAcQnvP6nWc1PjFhPW01n9&tid=f5d47504-c4bd-4e4f-a5f8-d71643767d50&slotid=1003236&productid=&bizresource=0&clickreferer=&extParam=%7B%22ppgy_stats%22%3A%7B%22pageSource%22%3A%22%22%2C%22resource%22%3A%2258%22%2C%22abVersion%22%3A%22%22%2C%22launchid%22%3A%22%22%7D%7D&dataSource=2&listSource=gy_58&nojump=1&listSource=gy_58
